{"cameraMode":{"drawMode":0,"name":"Shaded","section":"Shading Mode"},"sceneLighting":true,"audioPlay":false,"sceneViewState":{"m_AlwaysRefresh":false,"showFog":true,"showSkybox":true,"showFlares":true,"showImageEffects":true,"showParticleSystems":true,"showVisualEffectGraphs":true,"m_FxEnabled":true},"in2DMode":false,"pivot":{"x":-3.5811190605163576,"y":3.086062431335449,"z":2.707683801651001},"rotation":{"x":0.05014600604772568,"y":0.3419400453567505,"z":-0.018276311457157136,"w":0.9382054805755615},"size":8.967243194580079,"orthographic":false}